co,no,no2,o3,so2,pm2_5,pm10,nh3,aqi,timestamp,city,hour,day,month,aqi_change_rate,temp
164.51,0.1,0.85,157.45,2.42,18.62,39.65,6.55,4.0,2026-05-26 08:35:23.143445,Rawalpindi,8,26,5,0.0,
164.51,0.1,0.85,157.45,2.42,18.62,39.65,6.55,4.0,2026-05-26 08:46:07.167346,Rawalpindi,8,26,5,0.0,37.83
568.04,0.0,22.0,89.94,3.82,30.67,61.49,57.35,3.0,2026-05-26 16:39:53.212924,Rawalpindi,16,26,5,-1.0,31.72
617.32,0.0,22.37,82.11,4.04,38.09,71.01,74.28,3.0,2026-05-26 19:15:18.170339,Rawalpindi,19,26,5,0.0,30.05
588.89,0.0,16.69,82.77,3.88,45.13,80.21,95.07,3.0,2026-05-26 21:40:17.026530,Rawalpindi,21,26,5,0.0,28.38
577.01,0.0,15.4,83.87,3.9,46.12,81.94,102.15,3.0,2026-05-26 23:05:41.585245,Rawalpindi,23,26,5,0.0,27.83
776.71,2.9,22.75,87.75,4.86,56.4,99.37,136.74,4.0,2026-05-27 02:56:55.065926,Rawalpindi,2,27,5,1.0,31.16
242.41,0.16,1.55,171.49,4.59,39.75,89.05,16.45,4.0,2026-05-27 07:04:13.247710,Rawalpindi,7,27,5,0.0,40.05
144.77,0.1,1.33,143.14,2.93,26.09,65.68,5.65,4.0,2026-05-27 11:34:41.153426,Rawalpindi,11,27,5,0.0,40.05
446.05,0.0,18.88,113.73,4.35,35.76,76.76,41.97,3.0,2026-05-27 15:29:23.576414,Rawalpindi,15,27,5,-1.0,34.49
570.47,0.0,21.27,96.59,5.12,44.78,90.02,72.69,3.0,2026-05-27 18:23:22.489064,Rawalpindi,18,27,5,0.0,30.61
557.29,0.0,16.59,78.45,3.65,43.1,87.81,69.53,3.0,2026-05-27 20:59:59.771737,Rawalpindi,20,27,5,0.0,31.92
600.95,0.0,16.85,66.99,3.49,46.93,92.32,80.96,3.0,2026-05-27 22:46:27.934500,Rawalpindi,22,27,5,0.0,28.38
630.27,0.0,17.51,59.92,3.35,48.43,94.22,82.35,3.0,2026-05-27 23:58:14.255194,Rawalpindi,23,27,5,0.0,27.83
670.79,2.74,15.62,104.81,4.18,40.22,86.71,38.5,3.0,2026-05-28 03:52:48.510961,Rawalpindi,3,28,5,0.0,34.49
151.16,0.11,0.86,143.79,1.15,14.44,34.53,4.93,4.0,2026-05-28 07:54:03.178035,Rawalpindi,7,28,5,1.0,38.38
196.86,0.39,4.62,140.39,1.22,14.02,33.79,9.93,4.0,2026-05-28 11:34:53.933294,Rawalpindi,11,28,5,0.0,39.49
481.91,0.0,19.01,84.27,2.39,21.1,42.4,29.67,2.0,2026-05-28 15:40:55.515844,Rawalpindi,15,28,5,-2.0,33.38
603.28,0.0,20.21,70.09,3.66,28.37,51.39,50.63,3.0,2026-05-28 18:33:31.909970,Rawalpindi,18,28,5,1.0,30.61
630.45,0.0,18.04,68.12,4.52,36.23,58.7,67.34,3.0,2026-05-28 21:06:21.036706,Rawalpindi,21,28,5,0.0,27.83
651.55,0.0,16.35,62.88,4.87,41.73,64.33,79.41,3.0,2026-05-28 23:11:42.225067,Rawalpindi,23,28,5,0.0,26.72
811.94,3.19,16.3,64.08,4.57,48.57,73.79,58.35,3.0,2026-05-29 02:47:36.703625,Rawalpindi,2,29,5,0.0,29.49
404.47,0.2,2.22,193.19,9.82,65.47,87.69,27.81,5.0,2026-05-29 06:52:10.688812,Rawalpindi,6,29,5,2.0,35.61
287.12,0.15,2.96,176.84,6.5,48.71,65.57,17.27,4.0,2026-05-29 10:42:16.915702,Rawalpindi,10,29,5,-1.0,37.83
387.79,0.02,8.32,167.48,8.59,63.26,76.24,23.01,4.0,2026-05-29 13:57:10.293621,Rawalpindi,13,29,5,0.0,35.05
536.4,0.0,12.35,119.86,6.87,65.68,79.38,31.07,4.0,2026-05-29 17:33:49.798769,Rawalpindi,17,29,5,0.0,30.61
558.53,0.0,11.11,101.58,6.0,65.11,78.61,33.56,4.0,2026-05-29 20:14:50.899741,Rawalpindi,20,29,5,0.0,29.49
560.75,0.0,8.26,91.45,5.59,63.55,76.85,35.91,4.0,2026-05-29 22:26:32.540002,Rawalpindi,22,29,5,0.0,28.38
600.15,0.0,7.9,78.45,4.77,64.58,78.19,40.23,4.0,2026-05-30 00:06:24.027992,Rawalpindi,0,30,5,0.0,27.27
440.16,0.31,3.07,146.64,11.26,59.21,70.83,40.33,4.0,2026-05-30 04:49:40.759807,Rawalpindi,4,30,5,0.0,33.83
304.33,0.09,1.46,169.02,5.47,45.55,52.46,18.42,4.0,2026-05-30 07:38:17.401200,Rawalpindi,7,30,5,0.0,36.81
276.84,0.07,1.47,168.17,3.48,35.27,40.73,14.38,4.0,2026-05-30 09:55:45.214664,Rawalpindi,9,30,5,0.0,38.37
274.69,0.09,1.59,168.51,3.0,31.81,37.03,14.3,4.0,2026-05-30 11:18:09.394513,Rawalpindi,11,30,5,0.0,37.78
310.38,0.11,4.85,162.42,3.4,32.57,41.36,16.88,4.0,2026-05-30 13:19:42.484887,Rawalpindi,13,30,5,0.0,36.27
444.95,0.0,11.97,128.66,3.25,36.83,48.34,27.89,3.0,2026-05-30 15:03:13.380888,Rawalpindi,15,30,5,-1.0,27.83
549.07,0.0,14.61,106.42,3.09,40.84,54.85,37.82,3.0,2026-05-30 16:58:27.188941,Rawalpindi,16,30,5,0.0,26.72
592.5,0.0,15.53,97.94,3.08,42.66,57.74,43.15,3.0,2026-05-30 18:04:22.638384,Rawalpindi,18,30,5,0.0,26.72
640.76,0.0,16.04,86.93,3.44,51.0,66.63,66.39,4.0,2026-05-30 20:06:35.236873,Rawalpindi,20,30,5,1.0,26.72
663.68,0.0,14.21,81.44,3.7,58.78,74.61,84.07,4.0,2026-05-30 21:57:57.492657,Rawalpindi,21,30,5,0.0,25.61
659.44,0.0,12.79,81.26,3.77,60.87,76.59,86.82,4.0,2026-05-30 22:59:18.230378,Rawalpindi,22,30,5,0.0,25.05
653.83,0.0,11.53,81.07,3.66,62.03,77.57,83.56,4.0,2026-05-31 00:05:43.669111,Rawalpindi,0,31,5,0.0,25.05
439.05,0.32,3.32,156.98,7.52,41.33,53.74,26.89,4.0,2026-05-31 05:15:43.702144,Rawalpindi,5,31,5,0.0,30.05
283.84,0.08,1.15,170.13,6.06,38.4,49.48,15.13,4.0,2026-05-31 08:39:55.606428,Rawalpindi,8,31,5,0.0,33.94
285.51,0.08,1.3,170.74,5.58,39.38,51.11,15.37,4.0,2026-05-31 10:54:58.701129,Rawalpindi,10,31,5,0.0,34.49
286.02,0.07,1.47,170.23,5.35,39.31,51.52,15.41,4.0,2026-05-31 12:08:21.454161,Rawalpindi,12,31,5,0.0,36.58
437.09,0.03,10.83,137.59,5.04,46.89,59.03,26.7,3.0,2026-05-31 14:28:54.928194,Rawalpindi,14,31,5,-1.0,31.16
553.96,0.0,14.75,109.85,4.25,51.18,66.67,34.13,4.0,2026-05-31 16:03:46.401990,Rawalpindi,16,31,5,1.0,29.49
638.14,0.0,16.21,96.47,4.06,54.31,72.32,42.31,4.0,2026-05-31 17:58:10.377009,Rawalpindi,17,31,5,0.0,28.38
656.37,0.0,16.05,91.99,3.97,56.6,74.78,45.35,4.0,2026-05-31 19:20:50.217053,Rawalpindi,19,31,5,0.0,27.83
686.07,0.0,14.59,82.01,3.31,56.83,74.75,42.09,4.0,2026-05-31 20:54:46.728886,Rawalpindi,20,31,5,0.0,27.83
695.6,0.0,13.85,77.26,3.07,55.1,72.6,40.24,4.0,2026-05-31 21:56:53.917045,Rawalpindi,21,31,5,0.0,27.27
704.18,0.0,13.04,74.25,3.05,54.22,71.27,39.17,4.0,2026-05-31 22:59:27.898850,Rawalpindi,22,31,5,0.0,26.72
711.42,0.0,12.3,71.89,3.14,53.47,69.92,38.49,4.0,2026-06-01 00:11:47.867437,Rawalpindi,0,1,6,0.0,26.72
398.36,0.2,2.05,173.46,9.33,47.15,58.64,32.55,4.0,2026-06-01 05:58:45.667115,Rawalpindi,5,1,6,0.0,31.72
336.0,0.1,2.4,171.24,4.69,44.81,55.74,26.93,4.0,2026-06-01 11:43:55.937190,Rawalpindi,11,1,6,0.0,34.49
744.38,0.0,19.81,96.03,3.93,53.6,67.54,85.66,4.0,2026-06-01 17:29:53.593143,Rawalpindi,17,1,6,0.0,31.16
823.85,0.0,17.18,83.5,3.86,64.4,78.52,101.97,4.0,2026-06-01 21:27:46.281609,Rawalpindi,21,1,6,0.0,29.49
875.3,0.0,16.3,72.61,3.79,70.9,85.21,108.87,4.0,2026-06-01 23:24:38.012551,Rawalpindi,23,1,6,0.0,28.94
428.43,0.26,3.54,166.35,11.64,39.95,51.09,29.15,4.0,2026-06-02 03:32:23.456425,Rawalpindi,3,2,6,0.0,30.61
349.2,0.1,1.28,179.33,7.31,46.09,59.99,24.26,4.0,2026-06-02 08:25:16.116798,Rawalpindi,8,2,6,0.0,36.16
411.04,0.07,5.35,168.96,6.29,55.58,73.72,35.07,4.0,2026-06-02 12:38:23.714938,Rawalpindi,12,2,6,0.0,36.72
849.21,0.0,18.29,106.1,4.72,80.35,95.64,97.46,5.0,2026-06-02 17:18:18.216652,Rawalpindi,17,2,6,1.0,32.25
949.78,0.0,13.57,94.93,4.79,115.78,132.46,140.54,5.0,2026-06-02 20:42:39.579939,Rawalpindi,20,2,6,0.0,28.52
1009.44,0.0,12.25,89.12,4.18,133.2,150.48,142.95,5.0,2026-06-02 22:59:37.205410,Rawalpindi,22,2,6,0.0,27.99
1116.44,0.49,14.72,77.02,4.06,143.83,161.94,129.64,5.0,2026-06-03 01:43:44.908557,Rawalpindi,1,3,6,0.0,29.28
382.81,0.15,1.92,170.31,6.58,51.86,73.92,28.17,4.0,2026-06-03 06:49:38.624586,Rawalpindi,6,3,6,-1.0,33.94
459.5,0.06,5.64,162.95,5.42,60.68,77.25,34.7,4.0,2026-06-03 11:53:53.256592,Rawalpindi,11,3,6,0.0,36.16
759.41,0.0,21.92,102.64,6.87,72.95,98.06,169.67,4.0,2026-06-03 16:30:33.106223,Rawalpindi,16,3,6,0.0,31.72
871.27,0.0,21.41,82.11,7.05,92.16,118.84,242.99,5.0,2026-06-03 20:16:41.891013,Rawalpindi,20,3,6,1.0,28.38
958.63,0.0,19.0,66.58,6.7,109.26,136.94,289.08,5.0,2026-06-03 23:03:31.531345,Rawalpindi,23,3,6,0.0,27.83
811.22,1.31,10.07,110.82,5.59,90.24,109.76,52.61,5.0,2026-06-04 03:34:54.646255,Rawalpindi,3,4,6,0.0,33.6
391.18,0.12,1.47,167.51,3.78,55.29,69.97,22.64,4.0,2026-06-04 08:17:01.571877,Rawalpindi,8,4,6,-1.0,36.08
449.74,0.1,6.99,149.13,3.6,52.05,63.05,30.84,4.0,2026-06-04 11:48:51.982515,Rawalpindi,11,4,6,0.0,28.39
717.36,0.0,26.24,98.67,3.56,42.84,56.65,129.21,3.0,2026-06-04 14:49:33.905858,Rawalpindi,14,4,6,-1.0,22.83
840.17,0.0,27.77,75.87,4.3,55.62,74.09,197.04,4.0,2026-06-04 17:42:28.248462,Rawalpindi,17,4,6,1.0,27.07
841.47,0.0,25.87,68.68,4.29,61.04,81.43,237.68,4.0,2026-06-04 20:00:01.371665,Rawalpindi,20,4,6,0.0,25.87
821.52,0.0,21.56,63.74,3.66,65.98,88.92,237.52,4.0,2026-06-04 21:48:33.687588,Rawalpindi,21,4,6,0.0,25.6
819.02,0.0,20.13,60.77,3.13,67.75,91.93,220.76,4.0,2026-06-04 23:06:45.282382,Rawalpindi,23,4,6,0.0,25.41
1001.93,4.07,20.32,57.75,2.76,82.73,110.72,184.62,5.0,2026-06-05 02:57:00.108927,Rawalpindi,2,5,6,1.0,25.61
365.44,0.14,1.41,168.54,4.68,41.91,57.66,29.97,4.0,2026-06-05 07:08:18.947679,Rawalpindi,7,5,6,-1.0,32.27
331.03,0.1,1.63,163.47,3.43,38.65,50.37,23.45,4.0,2026-06-05 11:23:58.660453,Rawalpindi,11,5,6,0.0,33.94
627.2,0.0,18.75,103.09,3.16,50.82,66.3,71.76,4.0,2026-06-05 14:40:00.326803,Rawalpindi,14,5,6,0.0,30.61
744.1,0.0,21.52,79.3,2.9,54.28,71.91,92.27,4.0,2026-06-05 17:12:32.446632,Rawalpindi,17,5,6,0.0,27.27
740.08,0.0,18.42,58.7,2.04,50.98,70.43,100.56,4.0,2026-06-05 19:48:46.035721,Rawalpindi,19,5,6,0.0,25.61
725.45,0.0,16.66,56.67,1.89,50.85,70.91,104.27,4.0,2026-06-05 21:22:09.191945,Rawalpindi,21,5,6,0.0,24.84
717.32,0.0,15.31,57.26,2.29,53.4,75.29,142.91,4.0,2026-06-05 23:03:48.125400,Rawalpindi,23,5,6,0.0,24.49
834.72,3.05,18.9,69.89,3.42,59.23,84.77,210.28,4.0,2026-06-06 02:43:56.014520,Rawalpindi,2,6,6,0.0,28.94
629.34,0.64,6.4,188.45,4.39,78.47,102.2,108.93,5.0,2026-06-06 06:26:53.911545,Rawalpindi,6,6,6,1.0,33.94
272.05,0.09,0.99,159.22,2.61,26.22,42.07,18.8,4.0,2026-06-06 09:23:09.751836,Rawalpindi,9,6,6,-1.0,37.27
288.83,0.16,2.1,158.24,2.53,28.01,44.34,24.04,4.0,2026-06-06 11:22:01.489863,Rawalpindi,11,6,6,0.0,36.72
291.62,0.16,5.3,138.87,1.92,24.08,40.25,31.08,3.0,2026-06-06 13:22:39.112147,Rawalpindi,13,6,6,-1.0,35.05
458.48,0.0,14.4,100.1,2.24,29.01,46.89,72.96,3.0,2026-06-06 15:11:22.094406,Rawalpindi,15,6,6,0.0,31.16
580.37,0.0,18.58,84.74,2.75,34.76,54.81,133.71,3.0,2026-06-06 17:07:18.184745,Rawalpindi,17,6,6,0.0,29.49
613.09,0.0,18.98,80.23,3.13,41.16,62.64,183.68,3.0,2026-06-06 19:14:49.569200,Rawalpindi,19,6,6,0.0,28.38
573.48,0.0,15.24,84.3,3.21,44.17,66.62,212.61,3.0,2026-06-06 20:59:40.895630,Rawalpindi,20,6,6,0.0,27.83
553.96,0.0,13.74,86.32,3.21,45.21,68.38,223.82,3.0,2026-06-06 22:09:16.520383,Rawalpindi,22,6,6,0.0,26.16
546.7,0.0,12.64,86.77,3.24,48.48,73.73,252.16,3.0,2026-06-07 00:00:55.870210,Rawalpindi,0,7,6,0.0,27.92
603.32,1.45,10.89,146.97,3.09,63.69,94.33,154.79,4.0,2026-06-07 05:19:11.612732,Rawalpindi,5,7,6,1.0,35.05
209.09,0.09,0.75,147.64,1.59,23.03,45.68,17.29,4.0,2026-06-07 08:50:50.017663,Rawalpindi,8,7,6,0.0,37.83
216.8,0.15,1.57,146.45,1.53,23.44,46.11,20.76,4.0,2026-06-07 11:06:21.985166,Rawalpindi,11,7,6,0.0,37.83
375.84,0.09,13.06,121.44,2.08,27.63,50.29,75.73,3.0,2026-06-07 13:43:30.757440,Rawalpindi,13,7,6,-1.0,36.16
445.98,0.0,16.2,109.8,2.45,29.26,52.81,105.6,3.0,2026-06-07 15:21:39.512623,Rawalpindi,15,7,6,0.0,32.83
548.02,0.0,19.28,95.87,3.12,37.46,63.36,172.41,3.0,2026-06-07 17:10:58.777198,Rawalpindi,17,7,6,0.0,31.72
589.03,0.0,18.62,81.91,2.92,43.0,70.63,194.81,3.0,2026-06-07 19:16:02.960961,Rawalpindi,19,7,6,0.0,29.49
564.38,0.0,15.38,69.68,2.11,44.52,73.91,175.29,3.0,2026-06-07 21:07:30.713193,Rawalpindi,21,7,6,0.0,28.38
514.36,0.0,12.68,61.25,1.58,41.54,73.46,144.55,3.0,2026-06-07 23:01:04.772436,Rawalpindi,23,7,6,0.0,26.72
564.83,2.68,15.3,113.15,2.74,44.89,85.29,153.12,3.0,2026-06-08 03:32:35.227599,Rawalpindi,3,8,6,0.0,32.83
174.9,0.09,0.73,141.56,0.99,22.56,50.54,14.16,4.0,2026-06-08 08:50:23.159881,Rawalpindi,8,8,6,1.0,38.94
237.74,0.25,5.87,133.25,1.29,24.97,54.32,33.69,3.0,2026-06-08 13:03:23.946580,Rawalpindi,13,8,6,-1.0,38.94
628.46,0.0,21.19,91.71,3.54,49.4,84.17,147.34,3.0,2026-06-08 17:20:26.656453,Rawalpindi,17,8,6,0.0,31.16
684.84,0.0,18.03,74.37,3.62,60.34,96.21,171.91,4.0,2026-06-08 20:09:02.633489,Rawalpindi,20,8,6,1.0,31.35
673.1,0.0,15.02,73.83,3.88,64.52,102.13,201.21,4.0,2026-06-08 22:23:46.026661,Rawalpindi,22,8,6,0.0,27.27
660.38,0.0,13.48,79.44,4.41,69.11,109.0,237.58,4.0,2026-06-09 00:02:05.568415,Rawalpindi,0,9,6,0.0,26.16
767.34,1.37,13.98,180.74,5.15,102.72,148.76,187.03,5.0,2026-06-09 05:01:26.557399,Rawalpindi,5,9,6,1.0,36.16
197.1,0.12,1.26,158.71,2.19,34.73,68.38,19.06,4.0,2026-06-09 09:34:50.302759,Rawalpindi,9,9,6,-1.0,40.61
310.23,0.24,8.32,146.94,2.91,40.55,73.48,38.28,4.0,2026-06-09 12:33:26.098031,Rawalpindi,12,9,6,0.0,40.61
622.57,0.0,20.7,100.53,4.4,62.85,105.79,99.61,4.0,2026-06-09 15:51:42.429202,Rawalpindi,15,9,6,0.0,33.94
731.17,0.0,22.81,90.33,5.38,74.71,123.26,145.44,4.0,2026-06-09 17:58:08.749386,Rawalpindi,17,9,6,0.0,30.61
720.43,0.0,19.26,83.52,5.58,79.85,134.46,171.31,5.0,2026-06-09 20:09:44.874713,Rawalpindi,20,9,6,1.0,29.49
659.31,0.0,14.01,86.02,5.37,83.62,144.67,176.86,5.0,2026-06-09 22:20:50.175062,Rawalpindi,22,9,6,0.0,31.33
634.32,0.0,12.36,83.12,4.74,85.93,150.0,177.18,5.0,2026-06-10 00:08:57.443044,Rawalpindi,0,10,6,0.0,27.83
816.77,1.54,12.98,156.08,4.65,112.83,184.56,106.63,5.0,2026-06-10 05:13:36.905073,Rawalpindi,5,10,6,0.0,37.27
204.95,0.1,1.36,159.25,2.95,42.02,88.21,18.02,4.0,2026-06-10 09:51:08.632732,Rawalpindi,9,10,6,-1.0,42.27
285.33,0.19,6.92,147.35,3.36,46.22,92.67,32.2,4.0,2026-06-10 12:53:00.281307,Rawalpindi,12,10,6,0.0,40.61
666.72,0.0,21.65,86.74,4.53,60.51,108.72,117.25,4.0,2026-06-10 16:32:48.267223,Rawalpindi,16,10,6,0.0,35.61
725.82,0.0,19.98,74.1,4.99,71.66,121.54,165.2,4.0,2026-06-10 19:31:51.933005,Rawalpindi,19,10,6,0.0,32.83
715.34,0.0,16.43,71.91,5.22,76.38,127.89,186.53,5.0,2026-06-10 21:56:07.685938,Rawalpindi,21,10,6,1.0,30.61
714.43,0.0,15.44,70.11,5.32,78.02,130.2,196.95,5.0,2026-06-10 23:23:48.598293,Rawalpindi,23,10,6,0.0,29.49
553.0,0.97,9.36,115.55,5.82,60.44,115.64,61.98,4.0,2026-06-11 03:30:39.380176,Rawalpindi,3,11,6,-1.0,35.05
203.61,0.04,1.23,153.74,5.22,42.22,80.67,16.28,4.0,2026-06-11 08:41:20.145128,Rawalpindi,8,11,6,0.0,40.61
443.06,0.37,14.78,122.14,5.0,48.0,74.97,53.05,3.0,2026-06-11 12:41:26.309250,Rawalpindi,12,11,6,-1.0,40.05
547.23,0.0,6.22,170.17,10.75,90.5,112.12,45.26,5.0,2026-06-11 16:50:20.205721,Rawalpindi,16,11,6,2.0,31.72
588.01,0.0,7.19,128.01,10.17,81.42,99.74,57.43,5.0,2026-06-11 19:32:40.291161,Rawalpindi,19,11,6,0.0,28.38
588.07,0.0,7.01,104.48,8.03,77.44,94.31,64.36,5.0,2026-06-11 21:58:59.776771,Rawalpindi,21,11,6,0.0,27.84
590.64,0.0,6.76,96.84,7.18,77.37,93.53,66.24,5.0,2026-06-11 23:28:46.117289,Rawalpindi,23,11,6,0.0,27.27
562.36,0.4,6.67,99.61,6.87,77.4,91.59,53.96,5.0,2026-06-12 03:29:53.600791,Rawalpindi,3,12,6,0.0,28.38
342.91,0.11,1.89,163.27,3.59,57.43,62.17,14.43,4.0,2026-06-12 08:21:17.715973,Rawalpindi,8,12,6,-1.0,36.32
250.38,0.06,2.21,146.26,1.49,33.32,38.32,11.55,4.0,2026-06-12 12:15:38.005077,Rawalpindi,12,12,6,0.0,37.59
486.08,0.0,11.67,112.42,2.38,51.34,59.56,56.02,4.0,2026-06-12 16:14:29.437840,Rawalpindi,16,12,6,0.0,31.93
464.65,0.0,7.08,113.5,2.89,43.14,49.8,51.97,3.0,2026-06-12 19:01:51.515350,Rawalpindi,19,12,6,-1.0,29.9
519.98,0.0,9.45,93.9,2.56,48.44,56.65,106.13,3.0,2026-06-12 21:28:55.833320,Rawalpindi,21,12,6,0.0,26.72
549.58,0.0,9.78,84.32,2.61,54.0,63.69,143.5,4.0,2026-06-12 23:13:42.215362,Rawalpindi,23,12,6,1.0,25.61
527.23,0.99,8.8,83.25,2.39,48.28,60.06,65.85,3.0,2026-06-13 02:55:32.130832,Rawalpindi,2,13,6,-1.0,28.94
251.31,0.11,1.07,147.47,4.44,38.3,52.19,13.26,4.0,2026-06-13 06:56:37.016953,Rawalpindi,6,13,6,1.0,29.41
225.89,0.11,1.49,139.11,2.32,32.74,47.83,14.01,3.0,2026-06-13 09:56:26.077343,Rawalpindi,9,13,6,-1.0,32.83
273.1,0.22,4.28,133.34,2.21,33.93,48.23,25.78,3.0,2026-06-13 11:53:11.987445,Rawalpindi,11,13,6,0.0,32.83
292.34,0.02,4.15,136.07,1.93,28.72,32.86,22.37,3.0,2026-06-13 13:50:14.078459,Rawalpindi,13,13,6,0.0,31.72
333.0,0.0,6.35,116.31,1.85,28.2,33.3,39.79,3.0,2026-06-13 15:41:12.633603,Rawalpindi,15,13,6,0.0,30.05
383.49,0.0,8.85,99.31,1.7,29.12,35.14,55.55,3.0,2026-06-13 17:18:39.423615,Rawalpindi,17,13,6,0.0,29.49
455.37,0.0,12.17,75.54,1.42,30.73,38.25,80.36,3.0,2026-06-13 19:19:19.641862,Rawalpindi,19,13,6,0.0,27.83
491.17,0.0,12.92,60.51,1.3,33.83,42.4,110.41,3.0,2026-06-13 21:10:48.128677,Rawalpindi,21,13,6,0.0,27.27
524.0,0.0,13.59,51.67,1.43,38.76,48.78,149.9,3.0,2026-06-13 23:00:47.021223,Rawalpindi,23,13,6,0.0,25.61
290.48,0.29,2.48,130.55,2.68,23.76,33.34,24.57,3.0,2026-06-14 03:33:02.454795,Rawalpindi,3,14,6,0.0,30.61
244.23,0.1,0.88,145.2,1.5,24.99,32.94,15.6,4.0,2026-06-14 08:12:13.603798,Rawalpindi,8,14,6,1.0,35.05
247.11,0.09,1.21,145.21,1.44,26.9,36.07,17.48,4.0,2026-06-14 11:27:42.283883,Rawalpindi,11,14,6,0.0,35.61
327.06,0.05,7.35,127.43,1.91,27.7,36.67,40.22,3.0,2026-06-14 13:52:53.880840,Rawalpindi,13,14,6,-1.0,34.49
422.04,0.0,10.7,107.53,2.3,33.67,44.73,60.98,3.0,2026-06-14 15:47:18.666908,Rawalpindi,15,14,6,0.0,32.83
487.01,0.0,12.98,95.94,2.42,37.25,49.53,74.93,3.0,2026-06-14 17:16:22.329448,Rawalpindi,17,14,6,0.0,31.16
572.3,0.0,15.4,81.28,2.78,45.18,59.22,109.76,3.0,2026-06-14 19:19:13.136790,Rawalpindi,19,14,6,0.0,30.05
590.96,0.0,13.5,76.0,2.88,53.63,68.81,118.45,4.0,2026-06-14 21:06:56.272063,Rawalpindi,21,14,6,1.0,29.49
574.55,0.0,11.25,75.77,2.85,57.79,73.64,112.44,4.0,2026-06-14 23:04:24.228540,Rawalpindi,23,14,6,0.0,28.38
477.75,0.64,6.92,130.72,4.87,49.92,67.49,46.57,3.0,2026-06-15 03:43:12.487493,Rawalpindi,3,15,6,-1.0,31.16
273.94,0.08,1.56,150.64,3.98,39.81,60.75,19.72,4.0,2026-06-15 09:58:47.933418,Rawalpindi,9,15,6,1.0,37.27
459.84,0.0,7.92,140.01,5.44,55.25,66.37,48.07,4.0,2026-06-15 15:49:50.154044,Rawalpindi,15,15,6,0.0,31.16
576.8,0.0,10.41,102.22,3.67,57.54,69.39,71.54,4.0,2026-06-15 19:48:49.517798,Rawalpindi,19,15,6,0.0,29.49
585.97,0.0,9.43,87.56,2.96,55.13,67.01,76.73,4.0,2026-06-15 22:15:41.987598,Rawalpindi,22,15,6,0.0,25.61
616.47,0.0,9.86,73.21,2.5,54.49,66.93,84.36,4.0,2026-06-16 00:27:39.978110,Rawalpindi,0,16,6,0.0,26.16
333.82,0.12,1.36,168.16,9.29,53.02,70.35,21.59,4.0,2026-06-16 06:30:43.663932,Rawalpindi,6,16,6,0.0,34.6
298.94,0.09,1.87,161.17,5.47,48.38,65.91,20.61,4.0,2026-06-16 12:09:58.418178,Rawalpindi,12,16,6,0.0,35.72
671.39,0.0,17.7,88.38,3.29,63.9,86.67,86.72,4.0,2026-06-16 18:01:49.829022,Rawalpindi,18,16,6,0.0,29.49
743.76,0.0,15.22,56.91,2.24,79.56,105.05,108.75,5.0,2026-06-16 21:39:47.088655,Rawalpindi,21,16,6,1.0,28.38
748.1,0.0,14.12,54.35,2.07,82.74,109.16,101.37,5.0,2026-06-16 23:21:06.793983,Rawalpindi,23,16,6,0.0,27.27
425.54,0.44,4.52,128.48,4.72,54.74,90.89,33.9,4.0,2026-06-17 03:36:58.762446,Rawalpindi,3,17,6,-1.0,30.61
261.36,0.08,1.0,141.24,2.37,39.74,64.09,18.96,4.0,2026-06-17 08:58:54.707618,Rawalpindi,8,17,6,0.0,36.72
319.79,0.19,5.67,129.11,2.09,38.18,59.97,32.49,3.0,2026-06-17 12:53:55.048645,Rawalpindi,12,17,6,-1.0,34.32
597.74,0.0,17.0,72.49,2.1,48.42,70.4,78.77,3.0,2026-06-17 16:36:43.781992,Rawalpindi,16,17,6,0.0,28.89
577.22,0.0,14.32,66.42,1.41,54.04,79.73,82.56,4.0,2026-06-17 19:22:38.782072,Rawalpindi,19,17,6,1.0,29.48
471.39,0.0,8.69,69.53,1.06,51.87,78.65,73.85,4.0,2026-06-17 21:57:32.054703,Rawalpindi,21,17,6,0.0,25.61
463.91,0.0,8.4,64.44,0.93,51.95,78.4,73.33,4.0,2026-06-17 23:25:16.354791,Rawalpindi,23,17,6,0.0,25.05
630.25,2.73,12.82,46.03,1.13,58.4,87.5,79.36,4.0,2026-06-18 03:29:01.303674,Rawalpindi,3,18,6,0.0,28.94
271.27,0.09,1.15,141.27,1.31,39.58,59.1,19.68,4.0,2026-06-18 08:41:23.355984,Rawalpindi,8,18,6,0.0,35.61
264.77,0.06,1.73,136.88,1.21,37.89,56.2,19.77,3.0,2026-06-18 12:21:26.064276,Rawalpindi,12,18,6,-1.0,36.16
417.01,0.0,10.38,98.55,1.72,38.76,53.97,46.82,3.0,2026-06-18 16:26:13.370684,Rawalpindi,16,18,6,0.0,28.6
531.18,0.0,13.83,65.24,1.14,43.63,61.38,67.86,3.0,2026-06-18 19:24:30.922553,Rawalpindi,19,18,6,0.0,30.05
535.95,0.0,11.33,58.44,0.86,48.75,68.75,73.96,3.0,2026-06-18 22:02:57.290842,Rawalpindi,22,18,6,0.0,27.83
587.17,0.0,12.79,49.95,1.1,54.93,76.05,115.71,4.0,2026-06-19 00:23:10.794757,Rawalpindi,0,19,6,1.0,26.72
350.07,0.26,2.36,151.6,2.08,49.57,70.5,32.69,4.0,2026-06-19 06:13:43.380904,Rawalpindi,6,19,6,0.0,33.38
291.11,0.24,4.94,120.46,1.49,33.49,48.13,29.7,3.0,2026-06-19 11:18:15.775070,Rawalpindi,11,19,6,-1.0,33.83
480.42,0.0,17.32,78.45,1.67,31.04,45.56,63.89,3.0,2026-06-19 14:55:08.737626,Rawalpindi,14,19,6,0.0,26.16
557.11,0.0,18.85,60.41,1.62,34.89,51.95,80.84,3.0,2026-06-19 17:15:40.540602,Rawalpindi,17,19,6,0.0,26.72
531.34,0.0,15.19,55.23,1.09,38.9,59.87,87.67,3.0,2026-06-19 19:43:58.515497,Rawalpindi,19,19,6,0.0,25.61
506.9,0.0,13.12,55.11,0.9,39.58,61.64,84.99,3.0,2026-06-19 21:05:57.905205,Rawalpindi,21,19,6,0.0,25.05
473.35,0.0,10.94,48.69,0.68,40.26,62.99,81.41,3.0,2026-06-19 22:52:11.885366,Rawalpindi,22,19,6,0.0,24.49
476.41,0.0,11.06,43.53,0.66,41.29,65.03,84.97,3.0,2026-06-20 00:05:53.427965,Rawalpindi,0,20,6,0.0,24.49
512.93,1.79,8.61,106.13,1.37,47.9,74.39,62.88,3.0,2026-06-20 05:09:20.219085,Rawalpindi,5,20,6,0.0,31.16
215.53,0.08,0.77,129.52,1.0,25.62,40.14,15.11,3.0,2026-06-20 08:48:56.194163,Rawalpindi,8,20,6,0.0,36.16
226.28,0.14,1.63,127.85,0.99,26.08,40.86,19.05,3.0,2026-06-20 11:13:43.480842,Rawalpindi,11,20,6,0.0,36.72
339.59,0.1,10.25,90.49,1.03,29.14,44.76,49.91,3.0,2026-06-20 13:51:56.538304,Rawalpindi,13,20,6,0.0,35.61
429.06,0.0,13.38,66.6,1.15,32.81,51.75,71.09,3.0,2026-06-20 15:43:58.603223,Rawalpindi,15,20,6,0.0,31.16
451.17,0.0,13.51,61.57,1.14,34.38,55.38,75.57,3.0,2026-06-20 17:22:11.590869,Rawalpindi,17,20,6,0.0,32.94
443.57,0.0,12.34,59.4,0.95,35.97,61.55,78.1,3.0,2026-06-20 19:18:46.472176,Rawalpindi,19,20,6,0.0,28.38
387.83,0.0,9.28,61.4,0.83,36.66,68.48,78.73,3.0,2026-06-20 21:12:19.832041,Rawalpindi,21,20,6,0.0,28.38
374.45,0.0,8.84,57.41,0.9,38.15,75.66,100.92,3.0,2026-06-20 23:03:45.804798,Rawalpindi,23,20,6,0.0,30.33
314.71,0.83,5.17,96.97,2.73,41.76,104.69,49.49,4.0,2026-06-21 03:39:23.431186,Rawalpindi,3,21,6,1.0,30.05
179.49,0.07,0.87,119.06,2.04,34.72,74.23,16.9,3.0,2026-06-21 08:25:44.142982,Rawalpindi,8,21,6,-1.0,37.27
206.11,0.18,2.85,114.67,1.95,35.42,69.97,24.27,3.0,2026-06-21 11:43:07.292287,Rawalpindi,11,21,6,0.0,37.81
253.08,0.06,6.92,102.16,1.39,29.91,54.0,34.92,3.0,2026-06-21 13:59:35.945343,Rawalpindi,13,21,6,0.0,32.09
337.92,0.0,9.98,85.3,1.63,36.36,62.69,54.6,3.0,2026-06-21 15:59:02.820181,Rawalpindi,15,21,6,0.0,27.56
384.28,0.0,10.59,74.1,1.6,41.65,72.65,66.66,3.0,2026-06-21 17:44:06.113734,Rawalpindi,17,21,6,0.0,27.38
386.52,0.0,10.51,69.64,1.57,42.82,77.17,79.11,3.0,2026-06-21 19:24:38.592629,Rawalpindi,19,21,6,0.0,28.45
429.4,0.0,12.23,60.89,1.76,48.22,86.68,128.52,3.0,2026-06-21 21:10:31.685556,Rawalpindi,21,21,6,0.0,25.61
485.08,0.0,13.86,51.9,1.92,54.15,95.34,173.27,4.0,2026-06-21 23:08:04.631851,Rawalpindi,23,21,6,1.0,25.61
355.47,0.71,4.93,96.83,2.23,47.18,99.54,38.18,3.0,2026-06-22 03:43:16.805856,Rawalpindi,3,22,6,-1.0,31.34
219.99,0.12,1.24,127.22,1.76,34.47,53.11,16.8,3.0,2026-06-22 09:45:25.894654,Rawalpindi,9,22,6,0.0,33.01
424.28,0.0,13.83,86.09,1.62,40.21,63.8,58.19,3.0,2026-06-22 15:21:42.882801,Rawalpindi,15,22,6,0.0,31.07
426.32,0.0,10.45,66.8,1.06,41.14,70.68,70.49,3.0,2026-06-22 19:22:24.057603,Rawalpindi,19,22,6,0.0,28.35
437.51,0.0,10.09,49.88,0.73,44.69,81.34,72.61,3.0,2026-06-22 21:59:45.487894,Rawalpindi,21,22,6,0.0,26.85
442.3,0.0,10.05,47.79,0.77,46.46,85.99,78.12,3.0,2026-06-22 23:26:06.190303,Rawalpindi,23,22,6,0.0,26.66
508.49,2.02,11.07,57.36,1.26,50.82,99.75,83.0,4.0,2026-06-23 02:48:09.600926,Rawalpindi,2,23,6,1.0,28.94
204.69,0.11,0.85,130.06,1.53,29.27,51.88,16.2,3.0,2026-06-23 06:47:05.298048,Rawalpindi,6,23,6,-1.0,35.61
200.29,0.12,1.15,129.18,1.23,26.62,46.47,16.36,3.0,2026-06-23 10:34:45.482605,Rawalpindi,10,23,6,0.0,36.72
289.24,0.07,7.67,107.24,1.45,36.17,67.82,36.21,3.0,2026-06-23 13:42:28.930893,Rawalpindi,13,23,6,0.0,36.72
358.05,0.0,10.3,87.63,1.59,40.97,79.42,54.17,3.0,2026-06-23 16:25:41.936726,Rawalpindi,16,23,6,0.0,33.38
411.62,0.0,11.51,66.46,1.43,45.08,93.45,77.02,3.0,2026-06-23 19:08:16.582351,Rawalpindi,19,23,6,0.0,30.61
430.57,0.0,11.69,59.36,1.61,48.0,101.11,118.32,4.0,2026-06-23 21:28:58.550011,Rawalpindi,21,23,6,1.0,28.38
474.5,0.0,12.69,52.96,1.86,52.57,108.94,158.29,4.0,2026-06-23 23:05:18.630309,Rawalpindi,23,23,6,0.0,28.38
683.77,3.65,15.1,43.74,1.83,58.45,117.72,125.13,4.0,2026-06-24 02:48:32.396182,Rawalpindi,2,24,6,0.0,33.71
227.83,0.11,1.04,130.71,2.57,40.71,85.04,21.32,3.0,2026-06-24 06:43:55.594110,Rawalpindi,6,24,6,-1.0,37.83
225.74,0.12,1.08,135.68,2.07,39.44,76.73,20.25,3.0,2026-06-24 10:19:20.357782,Rawalpindi,10,24,6,0.0,38.94
270.89,0.23,5.39,121.91,1.96,35.59,69.18,28.7,3.0,2026-06-24 13:17:34.854821,Rawalpindi,13,24,6,0.0,37.83
505.69,0.0,15.87,85.96,2.36,47.16,84.27,66.97,3.0,2026-06-24 16:14:34.437474,Rawalpindi,16,24,6,0.0,35.61
627.47,0.0,18.9,70.61,2.88,57.8,99.38,125.26,4.0,2026-06-24 18:48:47.306415,Rawalpindi,18,24,6,1.0,31.16
673.48,0.0,18.78,62.61,3.06,64.98,109.22,162.98,4.0,2026-06-24 20:45:34.116572,Rawalpindi,20,24,6,0.0,30.61
691.43,0.0,18.25,58.2,3.12,67.86,113.36,175.0,4.0,2026-06-24 22:13:30.649150,Rawalpindi,22,24,6,0.0,30.05
733.88,0.0,17.15,48.27,2.86,70.17,116.09,162.02,4.0,2026-06-25 00:06:07.425808,Rawalpindi,0,25,6,0.0,28.94
584.46,0.6,6.47,122.24,9.28,63.6,93.33,45.93,4.0,2026-06-25 05:01:32.401374,Rawalpindi,5,25,6,0.0,37.27
243.12,0.11,1.12,133.63,3.99,43.79,76.61,16.56,3.0,2026-06-25 08:54:13.892681,Rawalpindi,8,25,6,-1.0,39.56
244.95,0.11,1.94,136.33,3.53,42.53,74.1,18.58,3.0,2026-06-25 11:37:32.556366,Rawalpindi,11,25,6,0.0,40.06
432.47,0.08,14.19,104.41,3.76,50.38,82.77,52.61,4.0,2026-06-25 14:21:56.317265,Rawalpindi,14,25,6,1.0,37.27
662.12,0.0,21.84,100.66,5.53,71.43,99.42,135.9,4.0,2026-06-25 17:09:08.026458,Rawalpindi,17,25,6,0.0,34.12
785.39,0.0,20.61,71.5,3.98,83.75,110.99,122.05,5.0,2026-06-25 19:53:21.844212,Rawalpindi,19,25,6,1.0,29.49
793.06,0.0,18.62,66.89,3.48,83.78,110.3,107.95,5.0,2026-06-25 21:27:53.902427,Rawalpindi,21,25,6,0.0,32.43
744.52,0.0,13.36,65.34,3.17,79.17,103.55,86.16,5.0,2026-06-25 23:13:54.687891,Rawalpindi,23,25,6,0.0,31.7
665.7,0.69,9.37,91.4,5.84,72.78,95.12,60.42,4.0,2026-06-26 02:53:25.472463,Rawalpindi,2,26,6,-1.0,31.72
301.63,0.1,1.39,147.55,6.15,51.33,76.36,20.71,4.0,2026-06-26 06:52:31.421168,Rawalpindi,6,26,6,0.0,37.27
291.04,0.1,1.63,146.13,4.49,47.8,71.25,21.49,4.0,2026-06-26 10:20:41.497550,Rawalpindi,10,26,6,0.0,38.94
349.51,0.23,7.0,129.26,3.36,45.29,68.43,35.52,3.0,2026-06-26 13:07:38.655454,Rawalpindi,13,26,6,-1.0,37.27
607.0,0.0,20.0,83.15,3.74,54.15,80.08,105.64,4.0,2026-06-26 16:12:40.539233,Rawalpindi,16,26,6,1.0,34.49
690.12,0.0,21.08,77.0,4.33,65.16,92.63,147.8,4.0,2026-06-26 18:28:15.981299,Rawalpindi,18,26,6,0.0,32.83
747.89,0.0,18.49,67.78,4.32,78.73,107.9,212.06,5.0,2026-06-26 20:44:08.123523,Rawalpindi,20,26,6,1.0,31.72
759.66,0.0,17.32,65.7,4.37,83.03,112.72,231.42,5.0,2026-06-26 22:08:45.067098,Rawalpindi,22,26,6,0.0,30.61
786.95,0.0,15.7,57.96,4.0,89.71,120.34,239.6,5.0,2026-06-27 00:02:12.601270,Rawalpindi,0,27,6,0.0,30.05
444.68,0.25,2.8,143.34,5.89,59.22,94.17,40.99,4.0,2026-06-27 04:50:06.464313,Rawalpindi,4,27,6,-1.0,35.61
285.71,0.09,0.91,138.94,3.08,49.74,90.72,25.57,3.0,2026-06-27 07:45:57.255443,Rawalpindi,7,27,6,-1.0,38.38
262.97,0.09,0.95,134.16,2.46,47.01,90.13,24.35,3.0,2026-06-27 10:02:01.566131,Rawalpindi,10,27,6,0.0,38.94
262.24,0.1,1.61,131.36,2.4,45.67,89.27,25.53,3.0,2026-06-27 12:08:18.766033,Rawalpindi,12,27,6,0.0,39.49
364.48,0.06,8.87,108.48,2.57,46.42,87.1,46.1,3.0,2026-06-27 14:26:06.288501,Rawalpindi,14,27,6,0.0,37.83
458.07,0.0,11.49,91.12,2.56,51.6,89.62,62.8,4.0,2026-06-27 16:01:38.103354,Rawalpindi,16,27,6,1.0,34.49
493.59,0.0,11.03,84.51,2.42,55.32,93.89,70.47,4.0,2026-06-27 17:58:31.398883,Rawalpindi,17,27,6,0.0,33.38
479.48,0.0,10.19,83.08,2.4,55.33,95.46,78.94,4.0,2026-06-27 19:25:02.134353,Rawalpindi,19,27,6,0.0,33.38
475.5,0.0,9.62,80.04,2.83,57.22,100.92,117.91,4.0,2026-06-27 20:57:45.415966,Rawalpindi,20,27,6,0.0,32.27
486.72,0.0,9.83,76.09,3.02,59.09,103.88,135.83,4.0,2026-06-27 22:03:53.843106,Rawalpindi,22,27,6,0.0,31.72
536.76,0.0,10.75,61.68,2.83,63.26,108.31,150.43,4.0,2026-06-27 23:58:17.704868,Rawalpindi,23,27,6,0.0,31.16
331.42,0.37,3.23,101.79,6.43,50.69,124.21,37.38,4.0,2026-06-28 04:04:15.630002,Rawalpindi,4,28,6,0.0,37.66
209.08,0.11,0.88,124.54,4.43,49.71,121.56,19.65,4.0,2026-06-28 08:18:14.967798,Rawalpindi,8,28,6,0.0,40.05
195.36,0.1,1.03,125.07,3.26,46.82,114.83,19.65,4.0,2026-06-28 11:03:24.493575,Rawalpindi,11,28,6,0.0,40.61
244.5,0.2,5.37,114.27,3.03,44.39,110.06,34.08,4.0,2026-06-28 13:27:12.992473,Rawalpindi,13,28,6,0.0,39.49
340.62,0.0,10.76,90.63,2.83,45.61,109.01,55.85,4.0,2026-06-28 15:14:48.967177,Rawalpindi,15,28,6,0.0,39.19
391.23,0.0,12.05,76.02,2.63,46.26,108.47,67.85,4.0,2026-06-28 17:04:19.382611,Rawalpindi,17,28,6,0.0,37.2
397.22,0.0,11.87,66.66,2.52,45.46,107.35,78.31,4.0,2026-06-28 19:12:09.988843,Rawalpindi,19,28,6,0.0,36.02
412.48,0.0,12.22,57.56,2.7,45.8,106.84,117.51,4.0,2026-06-28 20:56:44.045872,Rawalpindi,20,28,6,0.0,34.87
423.65,0.0,12.46,53.82,2.83,46.13,107.57,138.24,4.0,2026-06-28 22:00:57.400370,Rawalpindi,22,28,6,0.0,31.16
454.4,0.0,12.94,43.86,2.69,47.22,109.5,153.13,4.0,2026-06-29 00:03:59.986617,Rawalpindi,0,29,6,0.0,31.72
323.11,0.42,3.28,112.75,6.37,52.82,138.41,46.85,4.0,2026-06-29 05:27:11.883605,Rawalpindi,5,29,6,0.0,40.18
212.53,0.15,1.73,133.31,4.06,51.9,126.85,27.25,4.0,2026-06-29 10:48:13.238392,Rawalpindi,10,29,6,0.0,41.16
280.24,0.0,7.21,105.99,4.12,49.81,119.35,44.41,4.0,2026-06-29 14:44:47.636164,Rawalpindi,14,29,6,0.0,40.33
335.73,0.0,8.68,85.86,3.78,50.85,122.23,59.42,4.0,2026-06-29 17:32:27.906943,Rawalpindi,17,29,6,0.0,38.3
334.03,0.0,8.41,75.67,3.39,50.56,122.23,69.93,4.0,2026-06-29 19:50:51.753712,Rawalpindi,19,29,6,0.0,33.38
340.78,0.0,8.3,70.27,3.18,50.87,122.27,77.44,4.0,2026-06-29 21:22:06.911063,Rawalpindi,21,29,6,0.0,32.27
357.44,0.0,7.99,60.3,2.84,50.96,121.64,79.95,4.0,2026-06-29 22:52:16.822954,Rawalpindi,22,29,6,0.0,31.72
364.68,0.0,7.59,58.2,2.99,50.86,121.48,76.17,4.0,2026-06-29 23:59:48.321926,Rawalpindi,23,29,6,0.0,31.72
397.09,0.68,5.03,91.12,6.62,49.19,108.17,44.9,4.0,2026-06-30 04:12:31.641347,Rawalpindi,4,30,6,0.0,38.88
280.7,0.16,1.42,143.08,7.17,65.54,135.96,27.17,4.0,2026-06-30 08:27:02.636043,Rawalpindi,8,30,6,0.0,42.72
220.81,0.09,1.51,134.9,4.37,57.95,134.21,24.75,4.0,2026-06-30 11:42:22.348019,Rawalpindi,11,30,6,0.0,43.67
219.4,0.02,4.18,117.36,4.33,50.18,131.59,29.74,4.0,2026-06-30 14:09:24.477500,Rawalpindi,14,30,6,0.0,41.75
285.72,0.0,6.0,99.33,3.82,50.53,133.56,41.75,4.0,2026-06-30 17:03:14.079694,Rawalpindi,17,30,6,0.0,38.51
372.84,0.0,6.3,84.03,3.8,53.07,116.98,46.23,4.0,2026-06-30 19:48:56.027374,Rawalpindi,19,30,6,0.0,33.38
394.62,0.0,5.79,81.42,3.77,52.58,108.69,43.75,4.0,2026-06-30 21:24:59.867712,Rawalpindi,21,30,6,0.0,35.5
422.53,0.0,4.88,77.87,4.14,50.82,92.92,38.63,4.0,2026-06-30 23:07:13.357151,Rawalpindi,23,30,6,0.0,31.72
450.78,0.52,5.97,78.23,5.82,48.21,72.08,26.37,3.0,2026-07-01 02:58:26.509864,Rawalpindi,2,1,7,-1.0,37.12
322.61,0.2,1.81,143.19,6.65,62.75,105.85,15.75,4.0,2026-07-01 07:14:44.712843,Rawalpindi,7,1,7,1.0,40.83
283.1,0.11,1.79,151.21,5.56,69.01,134.3,15.15,4.0,2026-07-01 11:20:46.126690,Rawalpindi,11,1,7,0.0,43.64
421.77,0.02,7.67,142.78,5.64,68.57,91.19,16.06,4.0,2026-07-01 14:25:45.266622,Rawalpindi,14,1,7,0.0,41.07
459.87,0.0,6.34,122.93,4.44,60.43,73.29,14.99,4.0,2026-07-01 17:10:24.746852,Rawalpindi,17,1,7,0.0,37.07
481.22,0.0,5.28,103.62,4.75,52.91,61.16,14.32,4.0,2026-07-01 19:47:31.544495,Rawalpindi,19,1,7,0.0,34.6
494.65,0.0,5.13,96.64,5.08,52.04,59.72,13.86,4.0,2026-07-01 21:23:50.866359,Rawalpindi,21,1,7,0.0,33.27
517.33,0.0,4.86,87.52,5.63,52.02,59.03,11.42,4.0,2026-07-01 23:09:46.496516,Rawalpindi,23,1,7,0.0,31.64
542.15,0.18,5.94,83.09,4.49,46.53,51.94,8.64,3.0,2026-07-02 02:48:55.570194,Rawalpindi,2,2,7,-1.0,32.93
440.42,0.19,1.81,145.86,3.03,58.79,68.24,9.53,4.0,2026-07-02 06:37:34.135235,Rawalpindi,6,2,7,1.0,33.73
342.33,0.13,1.67,145.17,2.77,53.79,69.65,8.98,4.0,2026-07-02 09:58:26.869604,Rawalpindi,9,2,7,0.0,35.05
353.59,0.16,2.96,149.85,3.12,57.74,76.22,11.26,4.0,2026-07-02 12:10:33.248531,Rawalpindi,12,2,7,0.0,34.49
545.13,0.0,9.57,144.5,4.37,84.76,97.99,23.41,5.0,2026-07-02 15:11:53.323523,Rawalpindi,15,2,7,1.0,32.27
661.11,0.0,7.91,133.85,4.99,102.9,114.04,30.2,5.0,2026-07-02 17:42:01.125382,Rawalpindi,17,2,7,0.0,30.61
683.19,0.0,8.53,122.57,4.72,102.46,112.76,32.47,5.0,2026-07-02 19:18:01.774384,Rawalpindi,19,2,7,0.0,30.05
741.04,0.0,10.14,93.13,4.03,99.0,107.78,25.14,5.0,2026-07-02 20:59:55.618457,Rawalpindi,20,2,7,0.0,29.49
749.49,0.0,10.15,81.24,4.18,93.74,101.82,17.84,5.0,2026-07-02 22:13:50.178483,Rawalpindi,22,2,7,0.0,28.94
745.74,0.0,9.29,70.11,5.57,83.57,90.65,12.53,5.0,2026-07-03 00:02:12.237286,Rawalpindi,0,3,7,0.0,28.94
606.0,0.38,5.44,111.66,3.49,63.48,69.84,12.49,4.0,2026-07-03 04:39:09.734233,Rawalpindi,4,3,7,-1.0,32.27
437.72,0.15,1.6,153.51,2.08,49.94,55.43,8.78,4.0,2026-07-03 07:59:15.366813,Rawalpindi,7,3,7,0.0,35.05
384.67,0.13,1.57,153.02,1.43,42.57,47.85,8.42,4.0,2026-07-03 10:41:12.920325,Rawalpindi,10,3,7,0.0,37.27
457.71,0.29,8.08,134.39,1.51,43.21,49.19,17.61,3.0,2026-07-03 12:54:19.600909,Rawalpindi,12,3,7,-1.0,36.16
678.2,0.0,21.92,84.8,2.21,45.17,53.82,41.8,3.0,2026-07-03 15:07:06.460361,Rawalpindi,15,3,7,0.0,31.72
805.17,0.0,24.88,61.06,2.13,51.67,62.63,53.13,4.0,2026-07-03 17:20:32.076634,Rawalpindi,17,3,7,1.0,30.61
836.32,0.0,23.36,51.59,1.79,56.22,68.76,57.38,4.0,2026-07-03 19:13:12.371298,Rawalpindi,19,3,7,0.0,29.49
839.1,0.0,21.94,49.9,1.97,63.46,77.02,81.68,4.0,2026-07-03 20:59:27.530660,Rawalpindi,20,3,7,0.0,28.94
861.9,0.0,22.49,47.74,2.1,67.13,81.05,95.95,4.0,2026-07-03 22:09:16.906499,Rawalpindi,22,3,7,0.0,31.93
935.21,0.0,25.04,42.57,2.46,75.25,89.97,129.81,5.0,2026-07-04 00:01:08.538507,Rawalpindi,0,4,7,1.0,28.38
607.62,0.57,5.36,144.75,2.54,62.17,79.46,33.22,4.0,2026-07-04 04:31:11.084285,Rawalpindi,4,4,7,-1.0,34.49
379.59,0.11,1.08,153.03,1.37,52.78,67.12,13.46,4.0,2026-07-04 07:41:27.811422,Rawalpindi,7,4,7,0.0,36.72
355.74,0.1,1.05,146.89,1.09,50.78,65.38,12.56,4.0,2026-07-04 10:04:51.917276,Rawalpindi,10,4,7,0.0,39.49
344.22,0.09,1.48,140.44,0.96,49.62,66.08,12.88,4.0,2026-07-04 12:03:54.033252,Rawalpindi,12,4,7,0.0,38.94
499.77,0.08,13.31,114.41,1.96,51.59,67.3,37.44,4.0,2026-07-04 14:25:35.908815,Rawalpindi,14,4,7,0.0,36.16
648.1,0.0,19.48,94.34,2.79,59.4,77.11,70.04,4.0,2026-07-04 15:57:54.939815,Rawalpindi,15,4,7,0.0,35.61
694.2,0.0,19.52,87.49,2.98,63.74,82.63,75.03,4.0,2026-07-04 17:08:10.979626,Rawalpindi,17,4,7,0.0,34.49
717.86,0.0,15.86,83.25,2.8,72.67,94.04,60.07,4.0,2026-07-04 19:04:01.469762,Rawalpindi,19,4,7,0.0,32.27
728.67,0.0,12.06,84.16,2.83,83.37,106.02,52.85,5.0,2026-07-04 20:51:25.722433,Rawalpindi,20,4,7,1.0,31.16
745.15,0.0,11.21,81.61,2.83,87.8,110.58,53.64,5.0,2026-07-04 21:54:49.208537,Rawalpindi,21,4,7,0.0,30.61
771.43,0.0,11.15,78.04,2.85,91.81,114.7,58.6,5.0,2026-07-04 22:54:27.599118,Rawalpindi,22,4,7,0.0,30.61
803.74,0.0,11.59,74.39,2.97,95.47,118.5,67.04,5.0,2026-07-04 23:58:26.038834,Rawalpindi,23,4,7,0.0,30.05
620.64,0.31,4.06,135.82,3.61,83.99,112.75,25.08,5.0,2026-07-05 03:41:20.272313,Rawalpindi,3,5,7,0.0,36.75
440.23,0.11,1.13,153.18,2.19,71.56,97.33,15.57,4.0,2026-07-05 07:21:08.123349,Rawalpindi,7,5,7,-1.0,37.83
340.47,0.09,1.0,139.68,1.28,54.7,77.47,11.99,4.0,2026-07-05 10:07:08.690959,Rawalpindi,10,5,7,0.0,40.05
325.65,0.08,1.36,136.11,1.18,51.67,75.36,11.95,4.0,2026-07-05 12:12:43.956572,Rawalpindi,12,5,7,0.0,41.77
524.54,0.05,12.15,115.8,1.96,63.62,83.81,30.75,4.0,2026-07-05 14:28:40.585751,Rawalpindi,14,5,7,0.0,40.44
670.39,0.0,17.05,94.91,2.41,70.5,90.21,46.66,4.0,2026-07-05 16:03:23.503321,Rawalpindi,16,5,7,0.0,38.17
731.81,0.0,16.27,87.77,2.56,71.6,90.96,47.35,4.0,2026-07-05 17:58:55.312722,Rawalpindi,17,5,7,0.0,33.94
720.16,0.0,14.27,87.28,2.56,68.99,88.65,44.53,4.0,2026-07-05 19:24:24.112366,Rawalpindi,19,5,7,0.0,33.38
740.96,0.0,13.06,76.67,2.45,66.63,87.21,46.33,4.0,2026-07-05 20:53:48.250429,Rawalpindi,20,5,7,0.0,32.27
753.1,0.0,12.97,68.25,2.26,65.95,86.28,48.79,4.0,2026-07-05 21:57:42.588782,Rawalpindi,21,5,7,0.0,31.72
773.08,0.0,13.43,60.25,2.17,65.92,85.79,53.06,4.0,2026-07-05 23:01:58.806593,Rawalpindi,23,5,7,0.0,31.72
927.79,2.65,16.72,50.16,2.51,66.81,86.81,54.25,4.0,2026-07-06 02:43:53.439452,Rawalpindi,2,6,7,0.0,35.69
448.47,0.14,1.47,157.22,2.98,54.4,81.77,15.14,4.0,2026-07-06 07:08:18.724429,Rawalpindi,7,6,7,0.0,39.91
327.81,0.1,1.78,147.04,1.96,44.58,70.67,11.24,4.0,2026-07-06 12:00:06.791704,Rawalpindi,12,6,7,0.0,43.01
665.72,0.0,10.57,129.7,4.42,61.78,71.77,28.74,4.0,2026-07-06 15:50:25.234908,Rawalpindi,15,6,7,0.0,38.31
688.35,0.0,8.81,121.4,3.69,65.89,74.92,25.29,4.0,2026-07-06 18:08:17.751175,Rawalpindi,18,6,7,0.0,35.86
659.04,0.0,5.86,120.93,3.56,68.0,77.25,21.26,4.0,2026-07-06 20:50:16.857698,Rawalpindi,20,6,7,0.0,32.45
646.65,0.0,5.05,120.98,3.69,68.51,77.76,20.13,4.0,2026-07-06 22:10:22.273622,Rawalpindi,22,6,7,0.0,28.38
661.7,0.0,4.59,110.75,3.52,70.0,79.3,22.37,4.0,2026-07-07 00:03:33.613414,Rawalpindi,0,7,7,0.0,28.38
791.37,0.59,5.27,127.54,3.78,81.2,89.84,17.04,5.0,2026-07-07 04:46:33.360504,Rawalpindi,4,7,7,1.0,33.94
598.71,0.14,1.56,174.16,4.5,77.54,89.63,9.44,5.0,2026-07-07 08:18:45.274210,Rawalpindi,8,7,7,0.0,36.16
491.21,0.1,2.1,161.51,2.97,62.87,79.48,9.72,4.0,2026-07-07 11:43:32.147145,Rawalpindi,11,7,7,-1.0,38.38
584.24,0.09,15.96,107.29,2.86,54.96,75.65,30.59,4.0,2026-07-07 14:21:27.523328,Rawalpindi,14,7,7,0.0,35.61
857.26,0.0,23.29,69.17,2.88,67.73,87.26,51.14,4.0,2026-07-07 17:09:33.453845,Rawalpindi,17,7,7,0.0,33.38
1008.34,0.0,20.78,67.02,3.28,84.25,102.21,64.88,5.0,2026-07-07 19:48:43.526410,Rawalpindi,19,7,7,1.0,32.27
1053.82,0.0,19.96,68.49,3.68,92.92,110.42,76.86,5.0,2026-07-07 21:19:40.013255,Rawalpindi,21,7,7,0.0,31.72
1133.96,0.0,18.78,66.44,4.32,105.55,121.99,98.91,5.0,2026-07-07 22:56:40.334768,Rawalpindi,22,7,7,0.0,30.61
1163.64,0.0,18.28,63.23,4.41,110.23,126.35,104.7,5.0,2026-07-07 23:56:26.535705,Rawalpindi,23,7,7,0.0,30.61
1217.19,0.55,18.14,53.49,3.27,108.4,123.81,70.54,5.0,2026-07-08 02:28:43.110878,Rawalpindi,2,8,7,0.0,31.72
508.01,0.1,1.52,162.52,5.51,67.3,95.77,13.0,4.0,2026-07-08 05:46:58.698149,Rawalpindi,5,8,7,-1.0,37.66
483.9,0.1,1.37,163.7,4.61,67.16,94.98,12.32,4.0,2026-07-08 08:20:00.241070,Rawalpindi,8,8,7,0.0,39.96
477.74,0.15,2.39,161.75,3.42,67.58,94.02,13.59,4.0,2026-07-08 11:00:32.254671,Rawalpindi,11,8,7,0.0,41.0
525.2,0.19,7.22,141.12,2.74,66.68,93.39,19.81,4.0,2026-07-08 12:47:48.918328,Rawalpindi,12,8,7,0.0,39.96
858.81,0.0,22.72,80.6,3.99,72.67,88.14,62.88,4.0,2026-07-08 17:25:14.302169,Rawalpindi,17,8,7,0.0,34.74
884.76,0.0,17.54,79.15,3.85,80.42,96.47,53.51,5.0,2026-07-08 19:18:12.766438,Rawalpindi,19,8,7,1.0,28.94
899.66,0.0,13.03,78.55,3.95,86.34,102.79,48.59,5.0,2026-07-08 21:02:29.537679,Rawalpindi,21,8,7,0.0,28.94
918.43,0.0,10.1,76.73,4.05,90.79,107.13,45.41,5.0,2026-07-08 23:01:04.737246,Rawalpindi,23,8,7,0.0,27.83
998.88,0.81,10.5,73.79,4.07,93.2,107.07,39.32,5.0,2026-07-09 02:31:18.177215,Rawalpindi,2,9,7,0.0,30.61
631.21,0.14,1.77,172.02,3.77,88.66,111.57,17.67,5.0,2026-07-09 06:41:18.861731,Rawalpindi,6,9,7,0.0,35.61
478.31,0.1,1.42,161.96,1.93,67.6,91.83,13.84,4.0,2026-07-09 10:21:13.869372,Rawalpindi,10,9,7,-1.0,38.38
659.05,0.04,12.05,133.89,2.13,84.31,113.2,27.77,5.0,2026-07-09 13:45:51.789783,Rawalpindi,13,9,7,1.0,36.16
802.1,0.0,16.07,113.14,2.31,89.6,114.53,37.75,5.0,2026-07-09 16:24:41.983160,Rawalpindi,16,9,7,0.0,34.49
941.38,0.0,17.52,92.65,2.51,92.42,112.2,51.75,5.0,2026-07-09 18:48:20.138699,Rawalpindi,18,9,7,0.0,32.83
953.33,0.0,13.43,88.08,2.53,93.02,110.46,47.04,5.0,2026-07-09 20:44:02.518045,Rawalpindi,20,9,7,0.0,31.16
956.59,0.0,11.46,88.2,2.85,94.22,110.45,44.59,5.0,2026-07-09 22:18:09.487924,Rawalpindi,22,9,7,0.0,30.61
994.2,0.0,9.55,84.64,3.91,101.51,115.74,43.89,5.0,2026-07-10 00:00:41.588819,Rawalpindi,0,10,7,0.0,28.38
721.21,0.33,3.85,140.55,7.95,96.56,122.45,20.42,5.0,2026-07-10 04:46:06.305187,Rawalpindi,4,10,7,0.0,35.77
490.56,0.14,1.63,159.74,5.13,88.14,124.12,14.43,5.0,2026-07-10 08:17:47.661174,Rawalpindi,8,10,7,0.0,37.83
371.79,0.08,1.97,150.88,3.05,74.07,121.06,12.77,4.0,2026-07-10 11:47:02.606935,Rawalpindi,11,10,7,-1.0,41.28
358.17,0.02,4.34,140.66,2.81,66.11,104.52,14.27,4.0,2026-07-10 14:11:42.055653,Rawalpindi,14,10,7,0.0,38.69
404.47,0.0,5.99,124.8,4.52,67.45,109.44,19.57,4.0,2026-07-10 16:52:06.862720,Rawalpindi,16,10,7,0.0,36.24
427.11,0.0,6.15,117.76,5.54,67.67,109.88,20.9,4.0,2026-07-10 18:20:35.150501,Rawalpindi,18,10,7,0.0,35.1
510.6,0.0,6.27,103.25,6.68,70.8,109.58,24.56,4.0,2026-07-10 20:19:05.539477,Rawalpindi,20,10,7,0.0,30.61
614.26,0.0,5.62,96.35,7.04,75.97,105.31,26.28,5.0,2026-07-10 21:57:28.140281,Rawalpindi,21,10,7,1.0,31.34
652.52,0.0,5.15,95.74,7.1,78.16,103.69,26.03,5.0,2026-07-10 22:59:13.768307,Rawalpindi,22,10,7,0.0,31.07
687.86,0.0,4.77,95.7,6.84,80.51,102.17,25.32,5.0,2026-07-11 00:03:48.064035,Rawalpindi,0,11,7,0.0,30.85
651.0,0.33,4.29,113.83,5.56,76.35,92.07,15.59,5.0,2026-07-11 04:09:24.035667,Rawalpindi,4,11,7,0.0,34.34
383.44,0.15,1.41,136.47,4.64,64.93,110.82,10.02,4.0,2026-07-11 07:09:00.296476,Rawalpindi,7,11,7,-1.0,37.61
298.94,0.11,1.07,132.72,3.26,60.09,112.42,8.64,4.0,2026-07-11 09:23:30.271613,Rawalpindi,9,11,7,0.0,39.05
379.84,0.41,5.8,124.53,3.1,67.66,121.09,19.23,4.0,2026-07-11 11:00:25.969187,Rawalpindi,11,11,7,0.0,40.34
433.43,0.39,9.75,117.49,3.22,70.88,126.13,25.0,4.0,2026-07-11 11:58:59.320576,Rawalpindi,11,11,7,0.0,39.12
509.52,0.04,14.67,104.79,3.5,76.08,134.11,31.25,5.0,2026-07-11 13:36:36.481044,Rawalpindi,13,11,7,1.0,38.8
485.1,0.0,11.64,108.65,3.66,77.53,135.73,28.72,5.0,2026-07-11 14:48:27.991433,Rawalpindi,14,11,7,0.0,37.84
402.6,0.0,5.93,127.26,4.43,77.13,138.8,21.79,5.0,2026-07-11 15:51:20.172447,Rawalpindi,15,11,7,0.0,35.41
401.05,0.0,4.82,130.99,5.22,78.37,140.14,21.27,5.0,2026-07-11 16:52:09.243640,Rawalpindi,16,11,7,0.0,33.71
422.25,0.0,4.68,129.93,5.99,80.08,139.58,21.73,5.0,2026-07-11 17:51:59.902756,Rawalpindi,17,11,7,0.0,34.38
446.78,0.0,4.71,124.39,6.5,80.59,135.64,21.65,5.0,2026-07-11 18:55:22.817567,Rawalpindi,18,11,7,0.0,32.82
476.68,0.0,4.53,120.01,6.51,81.25,126.7,21.2,5.0,2026-07-11 20:04:02.992869,Rawalpindi,20,11,7,0.0,32.35
525.39,0.0,3.76,115.31,5.73,78.28,101.07,15.49,5.0,2026-07-11 21:44:22.577010,Rawalpindi,21,11,7,0.0,31.66
539.05,0.0,3.47,114.0,5.57,72.37,86.24,10.91,4.0,2026-07-11 22:42:11.433550,Rawalpindi,22,11,7,-1.0,31.18
542.02,0.0,3.21,112.1,5.09,65.22,73.54,7.41,4.0,2026-07-11 23:51:04.180139,Rawalpindi,23,11,7,0.0,30.44
507.19,0.01,3.1,111.36,2.71,51.34,56.85,6.66,4.0,2026-07-12 02:14:16.962534,Rawalpindi,2,12,7,0.0,25.5
451.2,0.21,1.75,130.24,1.6,41.36,49.55,8.76,3.0,2026-07-12 05:52:42.847931,Rawalpindi,5,12,7,-1.0,30.35
380.3,0.13,1.06,133.19,1.38,41.94,56.0,6.78,3.0,2026-07-12 08:09:32.520208,Rawalpindi,8,12,7,0.0,32.61
357.12,0.11,1.15,133.97,1.43,43.34,57.89,6.92,3.0,2026-07-12 10:22:58.895060,Rawalpindi,10,12,7,0.0,34.26
363.44,0.12,2.07,135.17,1.68,46.55,61.73,8.97,3.0,2026-07-12 11:55:54.046147,Rawalpindi,11,12,7,0.0,33.22
280.66,0.12,3.36,124.08,0.8,34.02,44.02,10.17,3.0,2026-07-12 13:09:29.627231,Rawalpindi,13,12,7,0.0,37.53
373.5,0.0,8.38,106.43,1.22,39.96,52.04,20.75,3.0,2026-07-12 14:52:22.020327,Rawalpindi,14,12,7,0.0,33.82
426.42,0.0,10.74,92.52,1.33,42.81,55.58,29.22,3.0,2026-07-12 15:55:25.890090,Rawalpindi,15,12,7,0.0,29.49
496.63,0.0,14.05,75.86,1.38,46.07,59.45,38.55,3.0,2026-07-12 16:54:43.527237,Rawalpindi,16,12,7,0.0,32.04
562.14,0.0,16.96,61.91,1.34,48.58,62.54,44.45,3.0,2026-07-12 17:56:44.432981,Rawalpindi,17,12,7,0.0,32.19
602.76,0.0,18.6,51.17,1.23,49.74,64.15,48.78,3.0,2026-07-12 19:02:39.866712,Rawalpindi,19,12,7,0.0,32.16
659.34,0.0,19.74,39.22,1.34,53.01,69.17,66.62,4.0,2026-07-12 20:39:31.967378,Rawalpindi,20,12,7,1.0,24.85
679.5,0.0,20.21,36.65,1.53,56.14,73.29,80.45,4.0,2026-07-12 21:43:50.887630,Rawalpindi,21,12,7,0.0,24.23
698.8,0.0,20.5,34.82,1.67,58.91,77.26,91.74,4.0,2026-07-12 22:42:25.954279,Rawalpindi,22,12,7,0.0,25.15
717.45,0.0,20.7,33.02,1.76,61.73,81.39,99.7,4.0,2026-07-12 23:49:05.409328,Rawalpindi,23,12,7,0.0,25.11
783.67,1.41,20.34,29.32,1.71,63.58,86.29,88.1,4.0,2026-07-13 02:21:50.255463,Rawalpindi,2,13,7,0.0,26.98
387.11,0.17,1.63,142.63,2.91,43.79,60.12,11.93,4.0,2026-07-13 06:11:33.285177,Rawalpindi,6,13,7,0.0,33.94
327.72,0.09,1.33,135.0,1.4,41.32,55.01,9.72,3.0,2026-07-13 10:20:42.037350,Rawalpindi,10,13,7,-1.0,34.92
410.78,0.27,8.25,121.68,1.58,42.93,56.01,20.97,3.0,2026-07-13 13:18:12.885770,Rawalpindi,13,13,7,0.0,36.16
702.88,0.0,23.68,85.19,2.94,54.09,68.59,69.02,4.0,2026-07-13 16:27:55.713454,Rawalpindi,16,13,7,1.0,30.26
817.35,0.0,23.52,58.6,2.5,65.71,82.18,74.29,4.0,2026-07-13 18:40:53.312178,Rawalpindi,18,13,7,0.0,28.03
833.21,0.0,23.22,53.69,2.54,69.36,86.52,84.9,4.0,2026-07-13 20:10:22.673568,Rawalpindi,20,13,7,0.0,28.49
866.66,0.0,22.43,47.4,2.81,76.9,95.36,108.15,5.0,2026-07-13 21:52:13.760082,Rawalpindi,21,13,7,1.0,31.48
876.52,0.0,21.75,44.42,2.89,80.29,99.55,116.37,5.0,2026-07-13 22:52:23.594915,Rawalpindi,22,13,7,0.0,31.55
893.74,0.0,21.5,39.76,2.78,83.46,103.47,117.66,5.0,2026-07-13 23:50:43.846234,Rawalpindi,23,13,7,0.0,31.11
986.29,1.6,21.49,28.03,1.86,83.78,104.74,75.06,5.0,2026-07-14 02:01:39.375002,Rawalpindi,2,14,7,0.0,31.33
373.56,0.17,1.86,132.59,1.89,52.06,76.25,13.5,4.0,2026-07-14 05:25:03.919225,Rawalpindi,5,14,7,-1.0,35.7
318.22,0.1,1.2,134.55,1.21,47.54,68.71,11.38,3.0,2026-07-14 07:54:50.634485,Rawalpindi,7,14,7,-1.0,38.95
312.25,0.12,1.56,134.1,1.1,46.62,65.2,11.24,3.0,2026-07-14 09:53:27.853823,Rawalpindi,9,14,7,0.0,40.34
332.06,0.17,2.29,135.72,1.25,49.69,67.11,12.69,3.0,2026-07-14 11:23:06.406618,Rawalpindi,11,14,7,0.0,40.47
458.46,0.17,7.17,136.06,2.16,69.04,88.71,18.22,4.0,2026-07-14 13:23:21.667393,Rawalpindi,13,14,7,1.0,38.7
675.63,0.0,18.41,91.85,2.35,80.93,100.9,36.74,5.0,2026-07-14 15:20:35.297137,Rawalpindi,15,14,7,1.0,33.21
782.13,0.0,20.46,70.74,2.17,88.76,110.66,45.93,5.0,2026-07-14 17:10:01.816493,Rawalpindi,17,14,7,0.0,26.31
739.19,0.0,17.07,64.15,1.65,89.16,117.57,46.4,5.0,2026-07-14 19:12:15.590788,Rawalpindi,19,14,7,0.0,28.0
732.77,0.0,16.18,51.05,1.53,91.0,125.34,60.81,5.0,2026-07-14 20:55:58.290572,Rawalpindi,20,14,7,0.0,28.02
740.96,0.0,16.46,47.54,1.73,94.2,131.06,74.05,5.0,2026-07-14 21:54:44.361723,Rawalpindi,21,14,7,0.0,28.61
749.55,0.0,16.72,45.86,1.94,96.79,137.19,86.85,5.0,2026-07-14 22:54:02.922195,Rawalpindi,22,14,7,0.0,28.65
762.84,0.0,17.25,44.35,2.12,99.06,143.5,98.56,5.0,2026-07-14 23:49:54.012459,Rawalpindi,23,14,7,0.0,26.12
816.34,0.7,19.66,40.3,2.44,101.6,153.52,108.29,5.0,2026-07-15 01:58:32.171883,Rawalpindi,1,15,7,0.0,27.1
404.56,0.44,4.97,114.82,2.54,78.69,157.64,25.25,5.0,2026-07-15 04:54:44.209582,Rawalpindi,4,15,7,0.0,31.13
371.98,0.17,4.26,115.48,2.19,76.69,143.34,17.8,5.0,2026-07-15 07:12:24.536778,Rawalpindi,7,15,7,0.0,34.87
269.48,0.14,2.08,119.75,1.6,61.51,109.21,10.49,4.0,2026-07-15 09:57:59.427379,Rawalpindi,9,15,7,-1.0,38.38
246.14,0.13,1.89,121.04,1.46,56.7,103.79,8.87,4.0,2026-07-15 11:36:46.074080,Rawalpindi,11,15,7,0.0,36.86
325.37,0.2,6.98,115.95,1.62,56.81,100.53,16.61,4.0,2026-07-15 13:26:34.778351,Rawalpindi,13,15,7,0.0,36.05
502.66,0.0,17.89,80.33,2.15,61.66,105.9,37.6,4.0,2026-07-15 15:23:52.592848,Rawalpindi,15,15,7,0.0,29.32
577.99,0.0,20.08,63.14,2.38,63.5,107.93,51.62,4.0,2026-07-15 17:13:03.670226,Rawalpindi,17,15,7,0.0,27.71
566.8,0.0,18.21,52.88,1.89,62.06,107.07,48.93,4.0,2026-07-15 19:04:19.894994,Rawalpindi,19,15,7,0.0,30.61
555.3,0.0,16.67,44.48,1.59,61.45,108.08,55.36,4.0,2026-07-15 20:55:56.020287,Rawalpindi,20,15,7,0.0,29.49
560.17,0.0,16.73,42.16,1.76,61.73,110.06,68.19,4.0,2026-07-15 21:55:51.336196,Rawalpindi,21,15,7,0.0,28.38
571.02,0.0,17.44,40.84,2.04,62.4,112.62,86.12,4.0,2026-07-15 22:56:06.595188,Rawalpindi,22,15,7,0.0,28.38
594.27,0.0,18.63,38.43,2.25,64.02,115.87,102.09,4.0,2026-07-15 23:57:05.481647,Rawalpindi,23,15,7,0.0,28.38
750.8,4.88,20.45,34.89,2.66,68.84,127.46,110.87,4.0,2026-07-16 02:30:07.309896,Rawalpindi,2,16,7,0.0,31.16
209.52,0.14,1.14,121.52,2.65,48.75,111.7,11.15,4.0,2026-07-16 05:36:12.850286,Rawalpindi,5,16,7,0.0,34.49
196.7,0.11,0.88,121.4,2.44,49.57,113.86,9.93,4.0,2026-07-16 08:04:35.845392,Rawalpindi,8,16,7,0.0,36.16
181.77,0.1,0.99,115.14,2.44,46.05,112.05,8.69,4.0,2026-07-16 10:54:35.506303,Rawalpindi,10,16,7,0.0,40.61
178.78,0.1,1.25,113.19,2.58,44.9,111.93,8.56,4.0,2026-07-16 12:17:44.269203,Rawalpindi,12,16,7,0.0,39.97
420.05,0.0,15.72,79.07,2.93,54.4,120.12,30.52,4.0,2026-07-16 14:56:54.290470,Rawalpindi,14,16,7,0.0,37.78
456.96,0.0,16.57,72.77,2.99,55.7,119.96,34.57,4.0,2026-07-16 16:16:42.532100,Rawalpindi,16,16,7,0.0,37.21
441.99,0.0,13.55,73.46,3.33,56.95,122.75,34.45,4.0,2026-07-16 18:02:29.211071,Rawalpindi,18,16,7,0.0,36.01
343.2,0.0,8.44,78.02,3.78,55.17,124.73,33.17,4.0,2026-07-16 19:59:36.264552,Rawalpindi,19,16,7,0.0,34.34
336.38,0.0,8.24,73.36,3.72,55.09,125.88,36.09,4.0,2026-07-16 21:08:44.304562,Rawalpindi,21,16,7,0.0,33.83
358.35,0.0,9.78,57.75,2.97,55.57,125.88,44.7,4.0,2026-07-16 22:53:49.085145,Rawalpindi,22,16,7,0.0,33.57
378.32,0.0,10.9,49.96,2.64,56.11,126.39,48.43,4.0,2026-07-16 23:55:00.540721,Rawalpindi,23,16,7,0.0,33.6
449.17,0.62,13.96,37.05,2.61,56.84,129.03,48.25,4.0,2026-07-17 02:11:41.326480,Rawalpindi,2,17,7,0.0,34.66
180.7,0.18,1.34,111.27,6.25,50.12,137.71,10.87,4.0,2026-07-17 05:37:46.518928,Rawalpindi,5,17,7,0.0,36.16
174.16,0.14,1.03,117.35,5.59,52.54,136.3,10.2,4.0,2026-07-17 08:01:53.544507,Rawalpindi,8,17,7,0.0,40.5
172.95,0.12,1.21,118.32,4.51,50.85,127.64,9.9,4.0,2026-07-17 10:42:24.232421,Rawalpindi,10,17,7,0.0,41.54
175.54,0.12,1.58,117.65,4.27,49.65,125.24,10.05,4.0,2026-07-17 12:05:34.332429,Rawalpindi,12,17,7,0.0,41.43
223.04,0.03,5.54,106.09,4.01,48.32,120.07,15.78,4.0,2026-07-17 14:29:35.555599,Rawalpindi,14,17,7,0.0,38.46
255.93,0.0,6.65,95.61,3.88,48.06,120.29,20.32,4.0,2026-07-17 16:11:34.477288,Rawalpindi,16,17,7,0.0,37.22
266.77,0.0,6.24,91.32,3.99,48.89,126.25,22.24,4.0,2026-07-17 18:01:13.234485,Rawalpindi,18,17,7,0.0,36.25
300.81,0.0,8.4,74.05,3.2,50.33,124.74,33.31,4.0,2026-07-17 20:02:30.568807,Rawalpindi,20,17,7,0.0,31.72
338.24,0.0,9.94,58.33,2.53,52.04,126.64,43.99,4.0,2026-07-17 21:47:42.927907,Rawalpindi,21,17,7,0.0,31.72
357.21,0.0,10.48,52.41,2.35,52.85,127.75,46.3,4.0,2026-07-17 22:44:03.764960,Rawalpindi,22,17,7,0.0,34.36
378.21,0.0,11.02,47.05,2.25,53.53,128.0,45.95,4.0,2026-07-17 23:48:01.575164,Rawalpindi,23,17,7,0.0,30.61
447.45,0.64,12.54,36.41,2.22,54.39,126.84,45.08,4.0,2026-07-18 02:00:47.095409,Rawalpindi,2,18,7,0.0,31.16
230.18,0.3,2.33,98.93,8.39,51.83,155.25,15.76,4.0,2026-07-18 05:20:15.446650,Rawalpindi,5,18,7,0.0,35.61
187.71,0.09,1.2,111.51,5.6,55.59,146.51,11.17,4.0,2026-07-18 07:41:50.911816,Rawalpindi,7,18,7,0.0,39.53
183.7,0.06,1.27,109.9,4.93,54.47,140.71,10.77,4.0,2026-07-18 09:19:23.634628,Rawalpindi,9,18,7,0.0,38.38
186.2,0.1,1.79,107.98,4.09,52.62,132.52,11.54,4.0,2026-07-18 10:58:30.146266,Rawalpindi,10,18,7,0.0,39.43
190.32,0.12,2.34,106.95,3.76,51.31,128.85,12.27,4.0,2026-07-18 11:54:46.292274,Rawalpindi,11,18,7,0.0,37.38
205.69,0.1,3.78,103.54,3.53,50.44,126.22,14.65,4.0,2026-07-18 13:04:00.185987,Rawalpindi,13,18,7,0.0,36.82
221.23,0.0,4.92,99.23,3.53,49.01,123.75,18.12,4.0,2026-07-18 14:47:32.245705,Rawalpindi,14,18,7,0.0,35.11
229.26,0.0,5.21,93.9,3.44,47.59,121.97,19.99,4.0,2026-07-18 15:51:50.987189,Rawalpindi,15,18,7,0.0,34.86
236.65,0.0,5.33,89.79,3.37,46.58,122.09,21.49,4.0,2026-07-18 16:52:26.240657,Rawalpindi,16,18,7,0.0,34.5
242.26,0.0,5.42,86.44,3.32,45.84,123.32,22.72,4.0,2026-07-18 17:53:14.701796,Rawalpindi,17,18,7,0.0,34.44
256.29,0.0,6.43,78.18,3.05,45.24,120.92,26.96,4.0,2026-07-18 18:56:37.745224,Rawalpindi,18,18,7,0.0,32.83
282.05,0.0,8.06,67.71,2.63,45.55,118.32,33.92,4.0,2026-07-18 20:02:56.874695,Rawalpindi,20,18,7,0.0,32.27
331.17,0.0,10.17,50.89,2.04,46.49,116.54,44.1,4.0,2026-07-18 21:45:13.321051,Rawalpindi,21,18,7,0.0,34.76
351.75,0.0,10.58,45.84,1.91,47.07,116.51,44.97,4.0,2026-07-18 22:43:41.339629,Rawalpindi,22,18,7,0.0,34.6
371.56,0.0,10.65,42.84,1.88,47.73,116.97,44.33,4.0,2026-07-18 23:49:22.884838,Rawalpindi,23,18,7,0.0,34.44
440.41,0.42,11.43,36.14,1.87,49.98,113.32,41.05,4.0,2026-07-19 02:12:24.448391,Rawalpindi,2,19,7,0.0,34.27
233.45,0.21,1.63,101.89,4.45,47.48,129.46,12.02,4.0,2026-07-19 05:46:57.707817,Rawalpindi,5,19,7,0.0,38.21
195.77,0.14,1.1,110.66,3.67,50.81,134.66,10.78,4.0,2026-07-19 08:08:45.655109,Rawalpindi,8,19,7,0.0,38.54
171.52,0.11,1.0,109.78,2.96,48.79,131.42,10.11,4.0,2026-07-19 10:23:18.062363,Rawalpindi,10,19,7,0.0,40.34
155.64,0.08,1.28,103.74,2.47,44.6,124.15,9.73,4.0,2026-07-19 11:53:18.847739,Rawalpindi,11,19,7,0.0,39.92
167.69,0.07,2.54,99.21,2.37,43.22,119.53,11.63,4.0,2026-07-19 13:06:34.932186,Rawalpindi,13,19,7,0.0,39.79
252.39,0.0,7.49,74.83,2.15,27.28,66.61,20.49,3.0,2026-07-19 14:51:08.934508,Rawalpindi,14,19,7,-1.0,33.94
282.38,0.0,8.69,69.4,2.03,27.06,64.67,26.49,3.0,2026-07-19 15:53:35.761627,Rawalpindi,15,19,7,0.0,33.94
321.89,0.0,10.52,64.53,2.14,27.83,66.45,37.74,3.0,2026-07-19 16:53:21.587509,Rawalpindi,16,19,7,0.0,33.38
355.95,0.0,12.44,60.56,2.33,28.93,69.84,49.8,3.0,2026-07-19 17:54:56.196656,Rawalpindi,17,19,7,0.0,36.16
374.74,0.0,13.85,56.04,2.38,29.68,72.17,61.33,3.0,2026-07-19 18:59:32.593822,Rawalpindi,18,19,7,0.0,35.16
391.76,0.0,14.51,50.29,2.31,30.52,73.63,69.83,3.0,2026-07-19 20:09:21.725224,Rawalpindi,20,19,7,0.0,34.63
427.76,0.0,14.62,37.48,1.69,32.06,74.07,55.47,3.0,2026-07-19 21:46:49.611930,Rawalpindi,21,19,7,0.0,30.61
450.17,0.0,14.58,32.51,1.37,32.85,72.25,38.01,3.0,2026-07-19 22:46:02.137494,Rawalpindi,22,19,7,0.0,30.61
469.19,0.0,14.13,29.96,1.17,33.5,69.18,25.05,3.0,2026-07-19 23:53:20.188778,Rawalpindi,23,19,7,0.0,30.05
434.87,0.88,7.16,50.79,1.71,29.51,50.94,13.17,3.0,2026-07-20 02:32:45.404491,Rawalpindi,2,20,7,0.0,32.27
353.7,0.34,2.95,97.53,2.32,38.65,58.92,9.82,3.0,2026-07-20 06:12:58.451294,Rawalpindi,6,20,7,0.0,36.69
263.21,0.15,1.8,115.82,2.24,38.91,66.59,8.59,3.0,2026-07-20 09:55:35.546357,Rawalpindi,9,20,7,0.0,36.42
247.33,0.1,2.56,108.67,2.07,29.26,52.07,8.58,3.0,2026-07-20 12:13:22.747572,Rawalpindi,12,20,7,0.0,38.59
418.08,0.0,12.34,54.83,3.51,23.88,29.51,10.93,2.0,2026-07-20 15:07:36.411296,Rawalpindi,15,20,7,-1.0,31.72
556.85,0.0,14.22,37.07,3.09,28.66,31.1,7.25,3.0,2026-07-20 17:56:10.522508,Rawalpindi,17,20,7,1.0,29.49
586.43,0.0,12.68,35.7,3.28,31.62,33.26,5.79,3.0,2026-07-20 19:40:05.786610,Rawalpindi,19,20,7,0.0,31.21
607.03,0.0,12.25,33.97,3.14,33.58,34.99,5.56,3.0,2026-07-20 21:06:56.327390,Rawalpindi,21,20,7,0.0,29.93
633.86,0.0,11.35,31.31,2.36,29.02,30.3,5.53,3.0,2026-07-20 22:55:22.452632,Rawalpindi,22,20,7,0.0,29.09
644.55,0.0,10.96,30.1,1.99,25.04,26.25,5.34,3.0,2026-07-20 23:53:56.204665,Rawalpindi,23,20,7,0.0,28.75
669.4,0.02,11.24,25.26,1.51,25.04,26.28,5.39,3.0,2026-07-21 02:11:25.592722,Rawalpindi,2,21,7,0.0,24.26
759.69,0.84,15.13,16.56,1.6,25.5,26.84,5.3,3.0,2026-07-21 05:45:40.954181,Rawalpindi,5,21,7,0.0,24.66
779.38,0.94,15.85,19.21,1.61,23.27,24.65,5.67,2.0,2026-07-21 08:19:24.175313,Rawalpindi,8,21,7,-1.0,31.61
803.43,0.44,18.01,15.29,1.72,22.74,24.2,5.96,2.0,2026-07-21 11:04:05.206679,Rawalpindi,11,21,7,0.0,28.47
812.47,0.45,21.13,18.46,2.19,23.03,24.62,8.43,2.0,2026-07-21 13:28:28.209533,Rawalpindi,13,21,7,0.0,26.18
906.83,0.06,23.66,11.1,1.9,27.28,29.4,8.24,3.0,2026-07-21 15:40:09.907045,Rawalpindi,15,21,7,1.0,25.05
905.88,0.03,22.51,11.67,1.92,27.78,30.19,8.5,3.0,2026-07-21 17:12:39.200111,Rawalpindi,17,21,7,0.0,25.05
853.46,0.01,18.02,17.3,1.86,27.19,29.61,7.92,3.0,2026-07-21 19:13:16.419114,Rawalpindi,19,21,7,0.0,25.05
788.43,0.0,12.72,27.51,1.41,26.65,28.54,5.97,3.0,2026-07-21 21:02:28.038997,Rawalpindi,21,21,7,0.0,25.05
720.5,0.0,8.49,37.65,1.07,24.83,26.49,5.52,2.0,2026-07-21 22:51:32.750507,Rawalpindi,22,21,7,-1.0,25.05
709.16,0.0,7.59,39.2,0.99,25.07,26.64,5.89,3.0,2026-07-21 23:52:58.566004,Rawalpindi,23,21,7,1.0,25.05
713.21,0.01,7.16,39.27,1.05,25.78,27.46,6.06,3.0,2026-07-22 02:09:17.686956,Rawalpindi,2,22,7,0.0,25.05
810.58,0.14,10.76,33.43,1.76,31.31,33.86,6.99,3.0,2026-07-22 05:44:51.155732,Rawalpindi,5,22,7,0.0,30.26
843.49,0.1,12.31,33.85,2.02,31.32,33.62,6.86,3.0,2026-07-22 08:20:28.477755,Rawalpindi,8,22,7,0.0,29.32
